municipality_code,population,population_growth,avg_net_salary,nb_second_home,vacants_housing_rate,nb_tot_housing,nb_vacants_housing,rental_max_all,rental_min_all,rental_med_all,rental_max_house,rental_min_house,rental_med_house,rental_max_apartment,rental_min_apartment,establishments_importance,sites_importance,n_sales,total_amount,avg_price_m2,med_size_m2,n_house,total_amount_house,house_avg_price_m2,house_med_size_m2,n_appartement,total_amount_appartement,appartement_avg_price_m2,appartement_med_size_m2
02691,53570.0,-0.531045751633985,23925.163549924728,359,0.12908772277882485,30243,3904,15.79,6.87,10.11,12.64,6.94,9.53,19.25,6.8,0.6192734635698269,0.4539186237076543,853.0,95866294.0,1351.2895662368112,79.97823721436343,626.0,74241724.67,1267.3019169329073,84.98125377237542,227.0,21624569.33,1582.9030837004404,55.008210180623976
06004,73438.0,0.7172735376808514,30073.77307999483,22826,0.05137035214955644,63013,3237,25.81,12.59,17.57,26.0,14.8,20.39,25.77,12.14,3.7051691954835024,2.3553395119181664,2534.0,952796046.2,5333.04775059195,59.99653242578519,330.0,328033662.0,7644.963636363636,112.50040875523423,2204.0,624762384.2,4986.8897459165155,54.99894961236164
06027,52178.0,1.4918986209176976,27964.47404028806,4941,0.05544933078393882,31903,1769,25.78,12.84,17.73,27.05,15.02,20.39,25.38,12.16,0.22,0.9169218479394202,1338.0,400993924.7,4850.95067264574,57.00010622477161,228.0,131413210.1,6194.328947368421,90.00097828213657,1110.0,269580714.6,4575.013513513513,53.0044734724717
06029,74545.0,0.7841546677482603,26269.00033070404,32423,0.02320143634566939,71849,1667,25.87,12.04,17.46,26.91,14.56,20.94,25.78,11.83,2.9997603636694414,1.818269498279598,3292.0,1349043012.04,5660.716889428919,58.00599449149162,204.0,300817845.6,7604.544117647059,130.99939246658568,3088.0,1048225166.44,5532.303432642487,56.499793841178956
06088,342669.0,0.48001360576133134,26015.300538037533,31943,0.13879393632184805,230817,32036,26.15,13.48,18.25,23.61,15.63,19.54,26.34,13.3,8.275145422100055,5.408969959566775,9159.0,2692081802.7,4783.91003384649,55.00402468473303,539.0,428515230.38,6310.6586270871985,114.99917857729588,8620.0,2263566572.32,4688.443967517402,53.99435390484837
10387,61957.0,-0.06290728434092951,23085.44666522585,1534,0.09562390204252864,38139,3647,19.03,7.88,11.72,13.81,7.76,10.91,20.46,7.91,1.2410285207205234,1.5096325036034433,1599.0,199071251.3,1975.906191369606,59.006211180124225,287.0,57738708.0,2217.254355400697,84.03361344537815,1312.0,141332543.3,1923.1112804878048,55.98455598455598
11262,55516.0,0.25462753950338257,23399.278860978382,6101,0.09057816983738973,37636,3409,17.08,7.11,11.03,15.49,6.97,11.3,18.29,7.23,1.4967773659424548,1.903701733127192,1455.0,237987965.06,2391.8274914089347,62.000939408172854,541.0,131987235.25,2636.8502772643255,89.0041928721174,914.0,106000729.81,2246.797592997812,50.0
13001,145133.0,1.422811100162824,32145.168030821846,4986,0.09410732077620154,84308,7934,26.6,10.34,16.49,22.11,9.77,15.84,27.85,10.5,3.121358024503169,4.888290652306191,2908.0,1360724035.35,5471.707359009629,65.99378881987577,728.0,757406739.03,6940.39010989011,122.98361055623764,2180.0,603317296.32,4981.248165137615,55.00143869733289
13004,50454.0,-1.1306852697380076,24781.515189860158,1010,0.10343219883082884,27883,2884,17.75,7.75,12.21,15.66,7.47,12.09,20.41,8.1,2.3657380180235146,7.235773330427799,984.0,277261359.69,3304.746951219512,76.49373638932448,644.0,220256419.89,3410.0295031055903,88.0065176902483,340.0,57004939.8,3105.329411764706,56.49002849002849
14118,106230.0,0.6804913185230133,25395.455980911738,2243,0.08956141139790749,66714,5975,21.03,8.68,12.43,16.35,9.23,12.69,22.02,8.56,1.9019194028957755,2.615727308003865,2457.0,452540108.39,2987.7887667887667,59.9923576614444,366.0,130697218.75,3428.8196721311474,98.49571427066212,2091.0,321842889.64,2910.5925394548062,52.00528867342442
17300,77205.0,1.433376251412355,25792.50723679412,6320,0.06606823627857443,52582,3474,22.31,8.29,13.55,20.76,8.35,13.78,23.06,8.26,2.2520858404786455,2.5189604246558623,1929.0,604213149.58,4752.899948159668,64.99837504062398,710.0,292226679.66,4422.081690140845,89.9991117427607,1219.0,311986469.92,4945.583264971288,48.00365742151783
18033,64541.0,-0.1963877033463235,25493.272459593667,946,0.13730897095585393,38803,5328,16.17,7.3,10.88,15.28,8.19,10.91,16.91,6.56,0.864666141349137,3.978262152034327,1361.0,180220899.82,1696.8817046289494,71.0135571336346,631.0,108169134.22,1753.7892234548335,89.99354422207875,730.0,72051765.6,1647.6917808219177,55.01397904630187
21231,158002.0,0.7318908029122717,26111.473894882383,3087,0.0750139167515676,95209,7142,19.47,8.37,11.84,14.85,7.89,11.12,20.32,8.46,1.9074893169189238,5.037267858183977,3725.0,638731363.92,2762.098523489933,57.99648506151142,491.0,166315690.15,3405.107942973523,88.00234672924611,3234.0,472415673.77,2664.474025974026,53.99272549640896
25056,117912.0,0.9736673089274284,24496.612538842983,1807,0.10055351859454408,70639,7103,18.83,7.68,11.45,14.94,7.54,10.83,19.39,7.69,1.6024443620565065,3.135685143808241,2332.0,361718700.54,2349.7920240137223,64.01045068582626,288.0,87754738.0,2732.9166666666665,106.00216328142213,2044.0,273963962.54,2295.809686888454,60.99385919922635
26362,64749.0,0.0355344065753993,25322.37053951787,1245,0.12634500991407802,37825,4779,18.61,8.21,11.97,18.55,8.33,13.14,18.63,8.18,1.206378192766501,1.0869898673432847,1377.0,238565833.45,2372.80174291939,69.00328587075575,301.0,87609918.23,2789.843853820598,98.00550206327372,1076.0,150955915.22,2256.138475836431,63.00841817935722
29019,139926.0,0.23208836549619694,24545.240985841032,2904,0.0680722242829622,83573,5689,16.68,7.38,10.56,13.37,6.58,9.91,17.79,7.64,2.223597275463939,1.3274063615206346,3577.0,529557319.21,2145.8157674028516,67.98603026775321,743.0,169891445.25,2374.935397039031,92.99363057324841,2834.0,359665873.96,2085.7466478475653,63.00114547537228
29232,63283.0,0.18522622930057242,25124.550836835093,1132,0.09533942833123163,38064,3629,17.3,7.55,10.64,15.83,7.98,10.95,18.64,7.16,1.37136839132402,1.5761712766285807,1509.0,240532816.58,2087.0967528164347,69.00800985828712,643.0,145970031.62,2178.679626749611,98.00295857988165,866.0,94562784.96,2019.0969976905312,55.00585844816389
2A004,71361.0,0.7681771326093934,25505.753746040566,3371,0.032989273426431896,34587,1141,21.79,10.02,13.99,16.22,9.57,13.07,22.38,10.07,1.3793186059649811,1.5932224690590606,995.0,272499219.29,3833.5316582914575,70.00307031010132,57.0,38081838.2,5001.7192982456145,104.01721664275466,938.0,234417381.09,3762.543710021322,68.00262482612297
30189,148561.0,-0.7164195063923073,24647.09926685261,4183,0.0762993762993763,81770,6239,17.02,7.64,11.21,13.22,7.16,10.33,18.7,7.86,1.6408269969038594,2.452871900294544,3133.0,607312154.75,2577.800191509735,66.99147381242388,975.0,315954342.04,3058.2071794871795,96.02076124567473,2158.0,291357812.71,2360.748841519926,57.00027670171555
31555,493465.0,1.3633151749693928,28886.08724005022,11130,0.08120360095386826,296477,24075,20.56,10.15,13.65,15.12,9.34,12.02,21.65,10.31,5.787565577633274,7.696443804124111,9840.0,2263168083.43,3639.972967479675,60.0,1508.0,660108722.88,4152.930371352785,95.99250200989096,8332.0,1603059360.55,3547.1333413346138,55.00115405891523
33063,260958.0,1.513218292436247,29983.97377402773,8279,0.06930990839713788,159602,11062,24.2,11.67,16.1,18.77,11.31,14.77,25.87,11.78,4.453670877478466,6.554351546365426,5955.0,2248411739.31,5189.721914357682,64.0,1570.0,978295847.32,5595.126114649682,100.0,4385.0,1270115891.99,5044.57149372862,54.00095831336847
33281,72197.0,1.954443393162264,28417.55641135047,1673,0.03531102979613173,38260,1351,21.38,11.23,14.6,18.05,10.86,14.08,23.56,11.49,1.3523495117008313,0.847251930492069,1383.0,432117542.0,4035.227042660882,70.0,582.0,268747587.82,4579.518900343643,95.99761333983594,801.0,163369954.18,3639.749063670412,61.992723201791215
33318,65245.0,1.353030726690907,29937.472499112002,428,0.03563204082902845,32134,1145,19.86,10.87,14.37,17.0,10.82,13.71,23.25,10.93,0.3228133633722996,1.112599696161198,985.0,350536674.23,4278.610152284264,80.00188786105343,593.0,274755819.23,4570.6239460371,98.0003959611958,392.0,75780855.0,3836.8647959183672,54.50378396972825
34032,78308.0,0.9136715679325835,22659.467514390977,2025,0.1651394118799382,45943,7587,15.79,6.85,10.41,14.71,7.55,10.79,16.45,6.43,0.8546331148478964,1.1418756154396223,2198.0,334275788.88,2049.667424931756,68.00832755031229,672.0,146459252.06,2089.815476190476,91.98912970376585,1526.0,187816536.82,2031.9875491480996,57.99498285318763
34172,295542.0,1.8924127659427858,25484.716865762148,7250,0.07432191760824501,171255,12728,21.7,10.2,14.75,17.01,10.11,13.27,22.43,10.21,3.5636777460795397,3.869023871011994,5747.0,1204282222.08,3458.400730816078,59.00266463646745,637.0,276243754.66,4118.207221350079,93.99720800372266,5110.0,928038467.42,3376.150880626223,53.990049550367985
35238,220488.0,1.2676366843033415,27612.64983343576,4781,0.06459826850001958,127635,8245,23.86,11.0,14.78,17.77,11.7,14.57,24.83,10.89,2.687727759970218,3.2413764767321416,4081.0,1076705398.02,4018.128154864004,64.00541271989175,580.0,328731612.3,5504.0948275862065,100.0,3501.0,747973785.72,3771.952584975721,61.99186991869919
37261,137087.0,0.45726680492148564,26029.276439447553,2940,0.1012250830564784,86688,8775,20.86,8.63,12.21,15.14,8.18,11.24,22.38,8.75,3.0618903120610748,2.6471733798229256,2348.0,490763028.77,3121.9982964224873,63.010069259134,540.0,199895346.62,3736.5944444444444,85.99792161239785,1808.0,290867682.15,2938.4352876106195,55.986119240429424
38185,158198.0,0.34760545512211305,28623.15941737853,4605,0.11718947315249785,98985,11600,22.81,9.23,13.14,16.23,8.97,11.86,23.04,9.24,2.504192752833653,2.1290152993032643,3096.0,504199145.85,2772.1511627906975,60.0,80.0,28325771.0,3698.0125,90.0068554203037,3016.0,475873374.85,2747.5925066313,59.989140236279454
42218,173821.0,0.42290382404428506,24137.62364987792,2234,0.12389008458881826,99895,12376,16.64,6.99,10.27,13.59,6.4,9.65,17.02,7.06,1.1654630925704381,2.56713232456139,4208.0,438861608.96,1498.583650190114,67.97020484171323,346.0,75003194.49,2173.5028901734104,94.50275878947281,3862.0,363858414.47,1438.1170378042466,65.02763188638417
44109,318808.0,1.4866077965734803,29390.98995547114,7886,0.05691990658057425,181975,10358,20.89,10.42,13.93,16.62,10.12,12.98,21.99,10.49,3.4519512416710674,4.031810779731593,6735.0,1907597974.82,4157.4512249443205,63.001852995676344,1453.0,731418575.06,4848.556090846524,95.00299222022741,5282.0,1176179399.76,3967.3385081408555,55.005500550055004
44184,71394.0,1.0974383664452914,25740.631070144354,2781,0.07944514501891553,41236,3276,17.45,8.3,11.75,15.83,9.23,12.47,18.57,7.67,0.33095913968126434,1.2182739950095094,1601.0,366338388.1,3135.677701436602,68.0015111446921,696.0,212076821.84,3028.0114942528735,93.49696472889204,905.0,154261566.26,3218.47955801105,51.00728675525075
45234,116269.0,0.026669419639024916,26742.70679949796,1949,0.10210310025986584,66188,6758,18.05,8.41,12.11,16.41,9.23,12.89,18.53,8.17,1.5360970263715972,1.905700599575694,2396.0,448782775.72,2675.8651919866443,65.98984771573605,619.0,185410432.84,2733.9434571890147,99.98056365403305,1777.0,263372342.88,2655.634214969049,55.0
49007,155850.0,0.8685634400807718,25706.00260684856,2388,0.06559035769483082,89937,5899,19.91,8.05,11.77,15.9,7.81,11.2,21.09,8.12,1.278183684426336,3.598866821337606,3144.0,703003154.0,3278.953880407125,65.99908966772873,772.0,276179965.74,3425.103626943005,93.99730843026401,2372.0,426823188.26,3231.387436762226,58.00115731729238
49099,54037.0,-0.27497877680581206,25287.682709147593,459,0.05319884936095838,27463,1461,15.25,7.53,10.2,14.16,8.04,10.34,16.92,6.75,0.7700181387867092,0.7172026810274212,1146.0,212255926.83,2137.785340314136,79.01011393712355,731.0,164191089.05,2185.079343365253,94.98327759197325,415.0,48064837.78,2054.479518072289,56.022408963585434
50129,78549.0,-0.7517941979177212,26904.37078791062,1567,0.07233737392430832,43228,3127,15.32,7.61,10.86,16.09,8.33,11.54,14.46,6.84,1.3933414060368718,1.29429678825787,990.0,174355204.4,2279.8747474747474,75.01967187283947,616.0,125124590.28,2205.9724025974024,89.00401102783832,374.0,49230614.12,2401.596256684492,52.99885210506703
51454,181194.0,-0.5581441296079848,26051.66285536469,2796,0.08834786612564391,104247,9210,19.81,7.87,11.61,14.96,6.76,10.32,21.07,8.16,2.176735890256517,3.913424341693101,2889.0,562944056.27,2748.3527172031845,67.00416914830257,662.0,198900571.8,2911.3066465256798,91.99574610492364,2227.0,364043484.47,2699.9128872923216,60.0
54395,105058.0,0.16494255613290765,27551.14907069543,2962,0.11288752755274382,69866,7887,21.22,8.79,12.56,18.12,9.66,12.58,21.58,8.69,1.6697550268815005,4.820542603434261,2596.0,445712539.48,2519.245377503852,62.010443864229764,259.0,90694319.8,2946.992277992278,103.01109350237718,2337.0,355018219.68,2471.839965768079,58.005319148936174
56121,57246.0,0.28379230607524786,24255.415741053774,1171,0.08367459878251245,36140,3024,21.02,8.62,12.58,16.36,7.89,12.61,22.64,8.87,0.8673675468271056,0.45618941136587776,1274.0,230205906.84,2551.8673469387754,68.00790075346085,355.0,97652053.26,2759.307042253521,92.99781181619257,919.0,132553853.58,2471.7355821545157,60.99960645415191
56260,53719.0,0.5258430330476349,26736.371895571523,2351,0.08726428949068908,34046,2971,19.83,8.89,12.63,19.84,9.74,14.19,19.81,8.51,1.3368640590422958,0.4196917103346758,1181.0,334540940.56,3756.5114309906858,64.00259909031838,370.0,183186714.2,4133.483783783784,111.50222892911957,811.0,151354226.36,3584.5265104808877,50.0
59009,61957.0,-1.2275415690213176,29169.76220436224,554,0.0433735780584828,28658,1243,19.09,10.07,13.13,15.26,9.82,11.93,22.31,10.28,0.645743093727629,1.426258470805213,932.0,247327277.1,3641.793991416309,74.9963524948935,487.0,182505662.6,3398.2792607802876,99.00990099009901,445.0,64821614.5,3908.2921348314608,34.00435255712731
59183,86279.0,-0.6746100270534683,25846.189010577033,1489,0.07474677666673865,46303,3461,16.57,7.53,10.66,14.58,7.63,10.27,18.07,7.46,1.0410454814027954,1.5762151285874293,1399.0,227190160.83,2014.275911365261,79.94186046511628,748.0,141141960.33,1890.6951871657755,92.49152416003867,651.0,86048200.5,2156.2703533026115,61.00577081615828
59350,234475.0,0.5907386592763464,27877.807347725968,4514,0.09097273849307456,138547,12604,20.95,10.3,14.36,13.11,8.02,11.08,23.17,10.94,3.73312892606,4.68413907562279,4957.0,1131644981.36,3891.938874319145,56.005719733079125,1176.0,336633710.23,3034.0119047619046,85.0018746103857,3781.0,795011271.13,4158.778894472362,48.00514800514801
59512,98828.0,0.7533974247876829,22711.46625362469,252,0.10820546070167857,41643,4506,19.26,8.58,11.8,15.12,8.59,10.79,22.81,8.56,0.14378503859183217,0.6419903922197843,1365.0,211539003.1,1966.7809523809524,77.9989241527703,823.0,135610247.17,1609.6901579586877,89.97429305912597,542.0,75928755.93,2509.0055350553507,58.00472141430377
59599,98656.0,1.2458693376572683,23436.707864309195,190,0.09124415470733224,43411,3961,19.14,8.68,11.86,16.52,8.72,11.3,22.68,8.62,0.24959256673318841,0.6666385222927612,1776.0,276924238.06,1943.7550675675675,78.01284247240412,1104.0,186195867.36,1887.9338768115942,82.98847865913108,672.0,90728370.7,2035.4613095238096,65.49785525933257
60057,57071.0,0.8232488296086915,24610.4520274633,323,0.09894899644978734,28449,2815,18.32,8.4,12.12,15.85,8.66,12.13,19.57,8.26,0.7240557914688875,0.7779006643627665,819.0,129624963.71,2067.807081807082,67.99230275817833,349.0,74586586.0,2318.378223495702,85.97748208802456,470.0,55038377.71,1881.7446808510638,61.01603397151956
62193,72509.0,-0.575902590190458,23226.60986521876,650,0.10182391851872354,36131,3679,15.48,7.2,10.21,13.61,7.27,9.97,17.45,7.12,0.9973198972674224,0.9528231931214373,1353.0,187679961.5,2004.7642276422764,75.0,805.0,108401353.5,1552.6608695652174,84.0,548.0,79278608.0,2668.894160583942,52.99260131899837
63113,147865.0,0.7707825043957062,26123.51247469909,3406,0.07968207320331283,89832,7158,18.04,7.87,11.28,13.83,6.84,10.4,18.93,8.09,2.565284688514261,2.43967449395111,1439.0,214823568.17,2367.1570535093815,64.99356499356499,223.0,51981796.0,2638.0224215246635,85.995085995086,1216.0,162841772.17,2317.4835526315787,61.01341802200882
64102,51894.0,0.9394876582832445,24342.245694591547,1359,0.06403225806451612,31000,1985,21.71,9.46,13.55,21.07,9.15,15.15,21.82,9.51,1.1754768645662839,1.4323527988109932,1287.0,365940005.73,4259.474747474747,61.99581714968629,121.0,78400948.25,5285.396694214876,109.99803574936162,1166.0,287539057.48,4153.01114922813,59.99259014658307
64445,75627.0,-0.8495575221238894,27170.371596768764,1473,0.16762842272007242,53028,8889,17.9,7.56,11.24,16.87,8.6,12.23,18.13,7.32,1.561373336511978,1.2573976547816503,2125.0,322695241.58,2173.846588235294,64.98866213151928,302.0,91236293.93,2545.3509933774835,110.00882817487609,1823.0,231458947.65,2112.302797586396,58.994197292069636
66136,119344.0,0.1308856596301533,23060.948584392452,2591,0.15609245433758506,72598,11332,16.38,7.26,10.6,12.44,7.01,9.63,17.93,7.36,1.6983885567625003,2.053431969404419,1504.0,219533283.01,1847.2672872340424,69.97936116122567,399.0,102580100.86,2180.6065162907266,100.0,1105.0,116953182.15,1726.9031674208145,61.00352112676056
69256,52795.0,3.8801330106447818,22656.79159910421,114,0.0735233374638579,19368,1424,20.14,9.86,13.46,18.69,11.93,15.21,20.52,9.3,0.0651665570366963,0.8265070496648291,500.0,91964947.43,2839.564,65.98984771573605,96.0,29781261.0,3797.9479166666665,85.9911606260507,404.0,62183686.43,2611.829207920792,63.49929849419348
69259,67285.0,0.23238838653933946,22807.319315213525,296,0.06478491823768358,28803,1866,21.32,10.96,14.72,19.37,11.41,14.59,21.7,10.88,0.18058003603173628,0.3021613956750635,656.0,134571708.25,3002.942073170732,67.00487816466973,116.0,40190398.0,3849.1206896551726,90.0,540.0,94381310.25,2821.17037037037,64.98814999522631
69266,152212.0,1.0308046648391356,26725.86837795529,2809,0.0840150290116998,84104,7066,22.49,11.51,15.35,18.39,11.52,14.47,22.75,11.51,0.44838564315571683,0.750211439456374,2827.0,704734228.73,4104.403608065087,62.99694189602447,181.0,87812490.59,5526.303867403315,88.99436369029961,2646.0,616921738.14,4007.138321995465,61.501068206941696
72181,143847.0,0.41535196716275813,26381.032305300578,2333,0.10076956584870043,82644,8328,14.85,6.79,9.83,12.01,6.05,8.94,16.92,7.33,2.2972175681562077,2.16224138606697,3254.0,485781095.87,1971.1730178242165,68.99350649350649,1506.0,309810823.71,2152.285524568393,86.01913380859551,1748.0,175970272.16,1815.1344393592678,55.98596227708241
73065,58917.0,0.1427770129009298,25679.8579340485,938,0.09637615679431652,32093,3093,21.92,8.68,12.67,18.31,8.26,13.7,22.5,8.75,1.6444758006654039,1.9384033850293891,1117.0,224867221.37,2913.6687555953445,68.99641577060932,112.0,46700780.33,3781.5178571428573,96.50635906536527,1005.0,178166441.04,2816.953233830846,65.98984771573605
74010,130721.0,1.9672540347428713,28080.91896529265,4232,0.06283054791622594,70905,4455,25.52,10.98,15.67,27.11,12.56,18.92,25.44,10.91,2.2018950203467935,2.0792291426461555,1641.0,594509302.57,5062.30225472273,67.99426934097421,170.0,125408927.96,6023.958823529411,110.00436348603661,1471.0,469100374.61,4951.165873555405,65.01095690284879
76351,168290.0,-0.8501587787878573,26549.872892685507,1998,0.10569909222753396,93085,9839,17.51,8.25,11.41,14.52,8.42,10.77,18.63,8.18,1.3533494977067022,3.075557339695764,3290.0,521670038.07,2365.3559270516716,64.99595346788128,1031.0,216359161.66,2495.838021338506,80.01306335728282,2259.0,305310876.41,2305.8043382027445,56.98529411764706
76540,112321.0,0.8629669540229923,27474.8930842295,1854,0.10717179068202727,72827,7805,21.74,9.31,12.86,15.75,9.33,12.4,22.82,9.31,1.6489947698660254,2.7635505853289133,2379.0,405739475.26,2919.952080706179,54.986338797814206,424.0,121528526.73,2989.5235849056603,86.99724843726298,1955.0,284210948.53,2904.8634271099745,48.0059880239521
77108,55154.0,0.010879814317843461,29090.70880859161,214,0.059804003685400786,23878,1428,25.92,12.37,17.54,25.21,12.85,18.65,26.52,11.95,0.39519152555737697,0.32932560686522183,877.0,237306277.56,3804.224629418472,69.9876492383697,381.0,145746274.12,4023.3622047244094,94.01709401709402,496.0,91560003.44,3635.8951612903224,56.00458116035233
77284,55750.0,0.6027140176122492,25010.980052843148,169,0.07883934320669672,24848,1959,23.66,10.02,15.42,23.13,9.89,15.24,23.8,10.06,0.27823331503986165,0.4197346326461131,840.0,179891516.32,3304.5,64.00355558415438,199.0,64740980.54,3238.6984924623116,97.01275120385232,641.0,115150535.78,3324.9282371294853,58.0046403712297
78586,52774.0,0.9661558476343535,32378.65631931768,171,0.052020269967263104,22299,1160,30.3,13.99,20.46,29.93,15.21,22.7,30.54,13.22,0.11387078882513302,0.18758379617263,753.0,254671759.58,4878.784860557769,67.0026129152669,313.0,151415306.72,5803.134185303515,85.00510030601836,440.0,103256452.86,4221.236363636363,61.994862350386086
78646,84808.0,-0.46593509770553876,50761.41934121585,1799,0.07509386733416773,42347,3180,30.89,13.4,19.55,30.06,15.06,22.27,30.99,13.19,0.9954749127885706,2.580266733226042,1276.0,800188559.86,7960.986677115988,69.50029908020579,145.0,182594275.0,9579.551724137931,119.99390912413205,1131.0,617594284.86,7753.4783377542,64.99792559811921
79191,59193.0,0.22689175231547232,29337.64505984148,958,0.08633677135241627,34516,2980,16.26,6.89,10.19,14.86,7.06,10.02,18.21,6.66,1.0622427377498993,0.8651629556759475,1520.0,239064917.8,2100.5809210526318,72.99039252811657,931.0,171572753.01,1956.9613319011814,86.01609657947687,589.0,67492164.79,2327.5925297113754,50.0
80021,134706.0,0.6087040951221478,25261.487039597352,1749,0.09002930186295331,74398,6698,19.58,7.52,11.76,13.39,6.69,9.79,23.26,8.01,1.3040890331611688,1.9598993663271056,2288.0,388659298.98,2524.721153846154,66.00748262960984,1123.0,230416373.76,2360.8441674087267,79.00801603206413,1165.0,158242925.22,2682.6901287553646,52.01109570041609
82121,61372.0,0.6890668066675376,24924.54309913896,450,0.1087657762049419,31931,3473,15.62,7.24,10.86,14.75,7.62,11.19,16.69,6.77,0.6601409068461955,1.1736153297896874,1409.0,281608933.25,2172.1533002129167,85.98887202832574,780.0,196926955.9,2203.1346153846152,105.00992161139568,629.0,84681977.35,2133.7344992050876,61.004784688995215
83061,54458.0,1.2493957535418154,24901.3008721346,16706,0.0364230092941472,43791,1595,22.59,9.99,14.82,23.35,9.8,15.62,22.28,10.07,0.8230820192954028,1.6470586770114892,1312.0,395341889.13,4162.278963414634,64.0016688040701,352.0,190218377.61,4480.866477272727,115.51531117864828,960.0,205123511.52,4045.4635416666665,51.001173708920184
83069,54821.0,-0.45034411374820227,25311.151949368006,10182,0.0686613061780052,39673,2724,20.98,9.94,13.97,18.92,10.57,13.94,21.92,9.65,2.75139896308034,3.8945293461200756,1543.0,486373940.07,4454.8075178224235,63.002680965147455,372.0,224777924.0,5315.387096774193,108.99661604141995,1171.0,261596016.07,4181.421007685739,53.992740471869325
83126,62987.0,0.15742271975576205,24118.32214320129,3676,0.0925543911763897,36357,3365,22.3,10.46,14.71,23.28,12.62,16.99,21.83,9.42,0.6354881344702488,0.8973318105496784,1578.0,373052507.88,3636.4036755386564,62.00533087178556,397.0,168975508.0,4528.56926952141,90.00620732464309,1181.0,204076999.88,3336.497036409822,54.002842254855516
83137,178745.0,1.4455328664343625,24507.96269575417,2639,0.04588065909454488,93765,4302,20.84,9.61,13.57,20.28,10.88,14.57,21.0,9.25,0.6424079575163238,1.16284407270312,3860.0,814823498.32,3118.7145077720206,61.00468992015915,615.0,284076833.79,4480.29918699187,93.99072393627748,3245.0,530746664.53,2860.663790446841,57.98969072164948
84007,91143.0,-0.6388383172170164,23640.74266103204,2142,0.15349268111914027,53970,8284,18.11,8.38,12.22,16.03,8.78,12.37,18.92,8.22,3.8654693591358233,7.880569305076543,1891.0,323562099.09,2567.7805393971444,64.98729889923793,534.0,134680794.98,2717.825842696629,86.49723398030369,1357.0,188881304.11,2508.735445836404,56.01851851851852
85191,55147.0,0.6956871051382318,24525.709714620658,691,0.05170803309314118,29976,1550,16.4,6.95,10.5,14.58,7.33,10.68,18.39,6.54,0.401039784348259,0.986823646167841,1162.0,202523684.04,2288.917383820998,73.50090461159442,624.0,137002736.05,2272.886217948718,91.49897317836249,538.0,65520947.99,2307.5111524163567,55.00194719661823
86194,89212.0,0.6169288896407776,23921.676392807094,1703,0.0823330697908431,55652,4582,17.26,7.52,10.92,14.67,7.75,10.76,18.31,7.42,1.7610108715652917,1.4722455601295064,1903.0,295739760.24,2380.0777719390435,63.99132321041215,707.0,152033852.22,2175.4922206506367,89.98054474708171,1196.0,143705908.02,2501.0158862876256,46.98795180722892
87085,130876.0,-0.4586283741129793,24318.002728066138,2331,0.08720739543980273,82321,7179,15.24,6.71,9.99,13.24,6.04,9.17,16.0,6.97,0.8818231969951498,1.9136037793803595,2697.0,366120829.0,1870.0363366703746,66.0180681028492,835.0,168050854.33,1996.9353293413174,90.0,1862.0,198069974.67,1813.1294307196563,57.995854288463946
91174,51234.0,0.5495152490481603,23940.77950984793,133,0.09149150906138928,22789,2085,23.5,11.13,15.37,21.27,13.1,16.35,24.24,10.49,0.14,0.29837123044517666,1024.0,173020966.35,2922.2724609375,57.498408306192914,271.0,72112760.25,3243.542435424354,81.00215185982171,753.0,100908206.1,2806.6494023904384,47.00162074554295
91228,66851.0,-0.41709493378617735,24560.630097960497,546,0.05635791073949398,27627,1557,24.28,10.64,15.36,23.23,12.34,16.94,24.42,10.41,0.5245541858968285,0.24973534923316046,796.0,135048896.22,2448.9133165829144,70.01268842531763,152.0,41653402.0,2930.6118421052633,91.01273083464818,644.0,93395494.22,2335.2204968944097,66.99147381242388
91377,50644.0,0.023700426607686786,32052.770995343282,497,0.03985061324958621,23563,939,29.62,12.45,18.5,30.39,14.9,22.33,29.52,12.13,0.5866165815183786,0.8098312392993188,669.0,182063021.77,4176.831091180867,64.99032882011605,87.0,37652896.9,5347.183908045977,85.00151653017895,582.0,144410124.87,4001.881443298969,63.99499934996598
92002,62760.0,-0.1559069649050282,42767.95270635233,485,0.05742863947198312,29393,1688,32.95,15.13,21.31,31.69,17.7,23.67,33.56,13.86,0.23124102018461828,0.5975091168724983,836.0,393276053.7,6039.224880382775,71.0051532610074,307.0,213781105.0,6854.061889250815,105.0,529.0,179494948.7,5566.342155009452,63.0012936610608
92004,87143.0,1.3927349731226668,40607.09858013809,1263,0.0985970561177553,43480,4287,34.8,16.59,22.81,33.47,20.91,27.78,34.93,16.18,0.3110398616251924,0.3950775985513517,1574.0,705500738.51,7376.5940279542565,56.000696822894014,125.0,126813622.0,9464.008,105.00215610176801,1449.0,578687116.51,7196.520358868185,53.00092336103416
92012,121583.0,0.20521865264475636,51972.86759546008,3752,0.06375111375111375,67340,4293,37.33,21.84,27.16,35.96,18.47,26.47,37.36,21.92,1.3934218583380005,0.7029774447815899,2015.0,1210839744.24,9768.215384615385,53.00240054869685,47.0,94623815.0,13360.297872340425,159.99607612320972,1968.0,1116215929.24,9682.428861788618,52.99799379657159
92023,52925.0,-0.001889430525636726,41783.09546086493,780,0.05235730991752493,24371,1276,33.8,16.6,22.92,37.03,20.6,27.4,32.49,14.97,0.32953618907177684,0.30264951095681486,709.0,363552422.43,6938.837799717912,65.00412201154164,232.0,201675954.3,8571.646551724138,100.0,477.0,161876468.13,6144.683438155136,55.004557885141296
92024,63089.0,0.9666319916780131,32669.393611245487,945,0.0660873977294349,31534,2084,33.49,18.66,24.86,36.73,18.05,26.28,33.44,18.67,0.4625204049740011,0.15319508188798142,853.0,309311536.69,7930.846424384526,40.99868593955322,14.0,13832788.0,11037.142857142857,80.0,839.0,295478748.69,7879.013110846246,40.0
92025,86534.0,0.5601264351787316,37089.99501376551,734,0.06194690265486725,38081,2359,32.98,14.55,22.35,35.82,16.42,27.05,31.95,13.87,0.29242798315995033,0.42480651004064746,1249.0,556309284.6,6488.927942353883,60.00342876735814,370.0,298755405.8,8546.81891891892,93.49871255328517,879.0,257553878.8,5622.693970420933,52.0
92026,81558.0,-0.7786077520134271,45079.67067028643,4865,0.08440802063399618,48076,4058,36.67,17.77,23.98,36.42,21.46,28.52,36.68,17.64,0.8454582578846328,0.19955934444611784,1203.0,529901834.75,7622.870324189526,53.99954883825851,34.0,34442739.0,10266.911764705883,102.49788512173703,1169.0,495459095.75,7545.969204448246,53.00018928639031
92040,67981.0,-0.40873132141810986,46599.959986575996,2252,0.05521267723102585,35970,1986,35.07,19.98,25.88,37.58,19.25,26.46,34.9,20.04,1.014336623259021,0.45057536715331625,923.0,485075453.39,8847.49187432286,52.99946149703823,63.0,79117495.0,10966.809523809523,120.99506340141322,860.0,405957958.39,8692.239534883722,50.99888669357878
92044,66082.0,0.4026315389640933,50248.507384124685,1269,0.0764072057915708,35638,2723,38.67,23.03,28.61,38.61,18.7,27.64,38.67,23.08,0.37300880850896734,0.2829183382869812,1155.0,649896570.18,10300.639826839826,49.00113079532605,7.0,8851898.0,11140.57142857143,97.99804003919921,1148.0,641044672.18,10295.518292682927,49.000803130331995
92050,96277.0,-0.5474810705837441,32839.62901551496,820,0.04583120701805545,41151,1886,33.18,15.96,22.49,34.95,20.31,27.71,32.87,15.21,0.8960629380697877,0.4553552786660888,677.0,281085352.36,6220.580502215657,62.99580027998133,169.0,118564680.5,7568.467455621302,91.00282179292381,508.0,162520671.86,5772.169291338582,57.00459200976232
92051,59599.0,-0.5689022355689022,76466.31210813159,2943,0.09421057150216068,34943,3292,43.31,24.72,31.04,39.15,21.38,28.66,43.44,24.83,0.4489124810016414,0.540895542556001,1104.0,1351474998.89,12463.865036231884,79.99849471224678,43.0,208581215.5,18687.74418604651,222.000222000222,1061.0,1142893783.39,12211.624882186616,77.00063680747188
92063,78317.0,0.4244351550278358,50090.76817637292,726,0.06868830494107353,36571,2512,34.16,16.72,23.63,37.09,20.98,28.98,33.25,15.4,0.5993913123604868,0.7270114970005951,1217.0,721783913.48,6894.803615447822,68.00152482607453,343.0,389734754.48,9008.30612244898,115.00193823491408,874.0,332049159.0,6065.362700228833,62.0
93001,88948.0,1.571278490841821,21596.73104911049,180,0.057010038786219484,35064,1999,30.67,14.82,20.52,39.87,14.6,26.54,29.87,14.84,0.30000000000000004,0.1411350118418886,601.0,139748053.52,4714.028286189684,44.998566924620235,59.0,22963818.0,5742.661016949152,71.99822773593266,542.0,116784235.52,4602.055350553505,41.99802612994007
93005,86969.0,0.8008994181599061,25386.51529885962,231,0.04618618807065985,31871,1472,28.41,12.4,18.66,27.82,12.14,19.62,28.85,12.6,0.3778441642348709,0.20483514215930296,788.0,202792931.11,3913.5774111675128,66.99692780976669,451.0,144645050.31,4111.656319290466,78.01032889372112,337.0,58147880.8,3648.492581602374,50.99916736053289
93007,57498.0,0.608923884514434,22991.264133097982,242,0.0451964143239311,21307,963,28.32,12.01,17.82,25.21,11.55,17.79,30.31,12.3,0.32854839908872846,0.08036161481398274,393.0,116094893.72,4139.547073791348,67.00167504187604,240.0,85178218.0,4416.483333333334,79.9904489016237,153.0,30916675.72,3705.1372549019607,54.998141954663694
93008,54363.0,0.16767393867924696,21438.050361259717,146,0.04842425133558791,20403,988,30.76,12.81,18.89,27.22,12.79,20.29,31.65,12.8,0.32827097604439276,0.1920978647908551,268.0,63028852.01,3842.634328358209,61.99308816481522,96.0,30254271.28,4321.458333333333,77.00529875696985,172.0,32774580.73,3575.3837209302324,55.4967015215177
93029,72376.0,0.37027278148358267,23678.659739603227,293,0.06620853706885159,30268,2004,29.35,12.22,18.06,25.22,11.31,17.55,32.0,12.79,0.05,0.06540285872406142,726.0,173426666.66,3990.2300275482094,60.0,364.0,110997501.44,4356.2307692307695,70.9959337428344,362.0,62429165.22,3622.207182320442,49.00381787440089
93031,54611.0,-0.2921253948257263,24073.950947846803,176,0.06322886297376093,21952,1388,30.54,12.47,18.31,26.34,12.86,19.62,31.29,12.4,0.1675073870466857,0.05970118161117073,568.0,112153775.59,3091.262323943662,65.00091810503122,123.0,39005014.7,3995.6991869918697,78.99284127375957,445.0,73148760.89,2841.2719101123594,62.011943040881945
93048,111240.0,1.2063977291336903,29965.10543584048,902,0.053448912557579054,51451,2750,32.79,17.19,22.71,37.46,16.06,24.05,31.8,17.42,0.38,0.620980835334808,1428.0,592715905.76,7131.947478991597,56.50042393768513,288.0,177475731.7,7943.149305555556,80.0,1140.0,415240174.06,6927.012280701754,51.50245674977718
93051,67871.0,-0.37430643219915627,29646.725636595158,340,0.05618575563021856,30061,1689,28.08,12.89,18.08,28.0,13.68,19.51,28.12,12.6,0.3145421486902339,0.19430916709167884,972.0,282248553.85,4502.957818930041,63.004846526655896,251.0,118035991.5,5115.0318725099605,90.99208764455265,721.0,164212562.35,4289.877947295423,56.99249329758713
93055,59846.0,1.330849983068072,27115.572814293784,626,0.04175118946630768,27113,1132,32.48,16.67,22.29,36.55,14.69,26.7,32.28,16.77,0.6170777333000093,0.20587192033066326,690.0,243723498.63,6974.227536231884,44.99871432244793,50.0,34389176.0,8099.82,82.50373250350765,640.0,209334322.63,6886.290625,42.997983194342666
93066,112852.0,0.6789126691705949,24095.878644048487,695,0.06177510899070495,48628,3004,28.06,14.37,19.81,22.73,9.23,16.78,28.52,14.83,0.6274784217922622,0.538022014945214,991.0,229568991.34,4447.242179616549,50.0,99.0,34296496.0,5089.979797979798,69.00076667518528,892.0,195272495.34,4375.9069506726455,47.999183006535944
93070,50697.0,0.053285968028427,29525.044527078833,677,0.10016562523526312,26566,2661,29.85,16.59,22.26,36.08,14.43,26.23,29.53,16.7,0.43056993631396445,0.24543389340012922,649.0,244749387.78,7178.211093990755,48.00365742151783,43.0,27505057.0,8598.860465116279,72.0,606.0,217244330.78,7077.40594059406,46.00141542816702
94017,76990.0,-0.06360414854813534,28233.815657857987,297,0.05483632328463103,32442,1779,29.01,13.96,20.0,28.6,16.16,22.76,29.21,12.91,0.19567718568687006,0.3387567560770024,915.0,285680145.73,4575.16174863388,66.00660066006601,351.0,155164721.66,4995.817663817664,90.00195656427313,564.0,130515424.07,4313.370567375887,58.99549636687246
94028,93246.0,1.0632417493090518,27824.137416674144,347,0.03962173506283345,39549,1567,30.15,12.8,18.54,28.87,17.23,22.46,30.27,12.36,0.2443089173837874,0.26326961804738974,858.0,237893699.0,4184.79020979021,66.00550783555177,110.0,62931390.0,6234.263636363637,88.99497667652699,748.0,174962309.0,3883.3970588235293,63.99911051812319
94033,52008.0,-0.4745866503368057,36364.46534857282,426,0.0640621718126444,23805,1525,33.29,17.37,23.22,38.3,16.43,25.3,31.69,17.67,0.19996924231037128,0.18396213975657896,732.0,358339600.13,7284.120218579235,60.99864884132147,231.0,178953344.1,8744.367965367965,80.0,501.0,179386256.03,6610.832335329342,53.99568034557235
94041,63748.0,0.693424315658131,27773.2897818072,938,0.0560048395313296,31408,1759,33.74,17.27,22.98,35.27,15.69,25.41,33.62,17.4,0.4070398536833489,0.3960117907379964,653.0,192522304.62,5722.903522205207,50.0,54.0,30285519.0,7647.166666666667,75.00386640438859,599.0,162236785.62,5549.430717863105,48.0
94046,56483.0,1.044741408611971,34688.774888485554,744,0.06480828869467155,28376,1839,35.21,14.87,21.56,36.77,16.95,24.36,34.89,14.45,0.1624183367921957,0.198580388228844,815.0,318698527.67,6365.476073619632,57.99648506151142,152.0,105054428.0,7603.993421052632,89.99860726040717,663.0,213644099.67,6081.532428355958,52.00184077312471
94068,74976.0,-0.4276342001115596,42436.82900701608,649,0.07215061239771088,37394,2698,32.25,14.58,21.47,31.98,16.39,24.47,32.41,13.55,0.3043253168693853,0.3132264517782538,1566.0,828119723.6,6907.284163473819,66.00403220659997,562.0,489800017.98,8283.097864768682,104.997476022211,1004.0,338319705.62,6137.157370517928,54.99893027102506
94076,55208.0,0.4439269339931551,28823.990708521556,688,0.062490600090239136,26596,1662,34.74,14.82,21.72,30.17,17.09,23.98,35.82,14.27,0.18013774671977256,0.1,529.0,166158209.18,5784.506616257089,54.99627143922446,109.0,53827355.0,6800.733944954129,69.99823726423409,420.0,112330854.18,5520.771428571428,50.0
94081,95510.0,0.9096768058827864,26009.619046824693,553,0.04838951310861423,40050,1938,31.77,13.69,19.66,28.84,16.8,22.68,32.56,12.84,0.13,0.40400336325657965,777.0,230250531.48,4789.140283140283,60.99213879100027,219.0,98107413.86,5802.671232876713,79.00219298245614,558.0,132143117.62,4391.356630824373,56.99504629474274
95018,111038.0,0.7485505339660525,26732.42008936645,377,0.06862093414871931,45132,3097,28.67,12.5,18.83,28.06,13.04,20.35,28.99,12.21,0.33938587851412694,0.2610184139385,1288.0,325845170.65,3851.3579192546586,64.00787789266371,533.0,181545388.16,4317.545966228893,79.98745294855709,755.0,144299782.49,3522.2476821192054,56.99287589051369
95127,65911.0,-0.6197038690027412,26979.512277291382,829,0.07710469508904479,29648,2286,26.46,11.89,16.55,24.5,14.05,18.39,26.97,11.33,0.5591235796351338,0.743894124479692,841.0,172515863.52,3334.139120095125,63.004846526655896,165.0,55433763.88,3135.6969696969695,104.01298318087932,676.0,117082099.64,3382.5754437869823,56.004246937573434
95585,59196.0,0.654639438200344,22015.869015093955,194,0.058678379312046586,20263,1189,27.03,11.76,16.61,21.66,12.77,16.54,28.22,11.54,0.24644374481333448,0.17313434077848133,374.0,69298068.5,2588.0989304812833,72.49830301324273,109.0,31503388.0,3489.4587155963304,85.99931200550395,265.0,37794680.5,2217.3509433962263,68.0
